Semt,Mahalle
Çankaya,100. Yıl
Çankaya,Ahlatlıbel
Çankaya,Akarlar
Çankaya,Akpınar
Çankaya,Alacaatlı
Çankaya,Anıttepe
Çankaya,Arka Topraklık
Çankaya,Aşağı Dikmen
Çankaya,Aşağı İmrahor
Çankaya,Aşağı Öveçler
Çankaya,Aşıkpaşa
Çankaya,Ata
Çankaya,Aydınlar
Çankaya,Ayrancı
Çankaya,Aziziye
Çankaya,Bademlidere
Çankaya,Bağcılar
Çankaya,Bahçelievler
Çankaya,Balgat
Çankaya,Barbaros
Çankaya,Bayraktar
Çankaya,Beytepe
Çankaya,Birlik
Çankaya,Boztepe
Çankaya,Büyükesat
Çankaya,Cebeci
Çankaya,Cevizlidere
Çankaya,Cumhuriyet
Çankaya,Çamlıtepe
Çankaya,Çankaya Mah
Çankaya,Çavuşlu
Çankaya,Çayyolu
Çankaya,Çiğdem
Çankaya,Çukurambar
Çankaya,Devlet
Çankaya,Dikmen
Çankaya,Dilekler
Çankaya,Dodurga
Çankaya,Doğuş
Çankaya,Ehlibeyt
Çankaya,Emek
Çankaya,Ertuğrulgazi
Çankaya,Erzurum
Çankaya,Esatoğlu
Çankaya,Eti
Çankaya,Evciler
Çankaya,Fakülteler
Çankaya,Fidanlık
Çankaya,Gaziosmanpaşa
Çankaya,Gökkuşağı
Çankaya,Göktürk
Çankaya,Güvenevler
Çankaya,Güzeltepe
Çankaya,Harbiye
Çankaya,Hilal
Çankaya,Huzur
Çankaya,İleri
Çankaya,İlkadım
Çankaya,İlkbahar
Çankaya,İlker
Çankaya,İncesu
Çankaya,İşçi Blokları
Çankaya,Karahasanlı
Çankaya,Karapınar
Çankaya,Karataş
Çankaya,Kavaklıdere
Çankaya,Kazım Özalp
Çankaya,Keklikpınarı
Çankaya,Kırkkonaklar
Çankaya,Kızılay
Çankaya,Kızılırmak
Çankaya,Kocatepe
Çankaya,Konutkent
Çankaya,Korkutreis
Çankaya,Koru
Çankaya,Kömürcü
Çankaya,Küçükesat
Çankaya,Kültür
Çankaya,Malazgirt
Çankaya,Maltepe
Çankaya,Mebusevleri
Çankaya,Meşrutiyet
Çankaya,Metin Akkuş
Çankaya,Metin Oktay
Çankaya,Mimar Sinan
Çankaya,Muhsin Ertuğrul
Çankaya,Murat
Çankaya,Mustafa Kemal
Çankaya,Mutlukent
Çankaya,Mürsel Uluç
Çankaya,Naci Çakır
Çankaya,Namık Kemal
Çankaya,Nasuh Akar
Çankaya,Oğuzlar
Çankaya,Oran
Çankaya,Orta İmrahor
Çankaya,Osman Temiz
Çankaya,Ön Cebeci
Çankaya,Öveçler
Çankaya,Prof. Dr. Ahmet Taner Kışlalı
Çankaya,Remzi Oğuz Arık
Çankaya,Sağlık
Çankaya,Sancak
Çankaya,Seyranbağları
Çankaya,Sıhhiye
Çankaya,Sokullu Mehmet Paşa
Çankaya,Söğütözü
Çankaya,Şehit Cengiz Karaca
Çankaya,Şehit Cevdet Özdemir
Çankaya,Tınaztepe
Çankaya,Tohumlar
Çankaya,Topraklık
Çankaya,Umut
Çankaya,Ümit
Çankaya,Üniversiteler
Çankaya,Yakupabdal
Çankaya,Yaşamkent
Çankaya,Yayla
Çankaya,Yaylaköy
Çankaya,Yeşilkent
Çankaya,Yıldızevler
Çankaya,Yukarı Bahçelievler
Çankaya,Yukarı Dikmen
Çankaya,Yukarı Öveçler
Çankaya,Yücetepe
Çankaya,Zafertepe
Altındağ,Aktaş
Altındağ,Ali Ersoy
Altındağ,Altınpark
Altındağ,Anafartalar
Altındağ,Atıfbey
Altındağ,Aydıncık
Altındağ,Aydınlıkevler
Altındağ,Bağlariçi
Altındağ,Baraj
Altındağ,Başpınar
Altındağ,Battalgazi
Altındağ,Beşikkaya
Altındağ,Çamlık
Altındağ,Çandarlı
Altındağ,Çinçin Bağları
Altındağ,Dışkapı
Altındağ,Doğantepe
Altındağ,Doğu
Altındağ,Feridun Çelik
Altındağ,Gicik
Altındağ,Gülpınar
Altındağ,Gültepe
Altındağ,Güneşevler
Altındağ,Hacettepe
Altındağ,Hacıbayram
Altındağ,Hamamönü
Altındağ,İstiklal
Altındağ,Kale
Altındağ,Karacaören
Altındağ,Karapürçek
Altındağ,Kavaklı
Altındağ,Önder
Altındağ,Örnek
Altındağ,Plevne
Altındağ,Sakarya
Altındağ,Siteler
Altındağ,Solfasol
Altındağ,Tatlar
Altındağ,Ulubey
Altındağ,Yıldırım Beyazıt
Altındağ,Yıldıztepe
Altındağ,Yukarı Peçenek
Altındağ,Ziraat
Altındağ,Zübeydehanım
Etimesgut,30 Ağustos
Etimesgut,Ahi Mesut
Etimesgut,Alsancak
Etimesgut,Altay
Etimesgut,Aşağıyurtçu
Etimesgut,Atakent
Etimesgut,Atayurt
Etimesgut,Ayyıldız
Etimesgut,Bağlıca
Etimesgut,Bahçekapı
Etimesgut,Balıkuyumcu
Etimesgut,Elvankent
Etimesgut,Erler
Etimesgut,Eryaman
Etimesgut,Etiler
Etimesgut,Fatih Sultan
Etimesgut,Fevziye
Etimesgut,Göksu
Etimesgut,Güzelkent
Etimesgut,İstasyon
Etimesgut,Kâzım Karabekir
Etimesgut,Oğuzlar
Etimesgut,Orhun
Etimesgut,Piyade
Etimesgut,Süvari
Etimesgut,Şehit Osman Avcı
Etimesgut,Şehitali
Etimesgut,Şeker
Etimesgut,Şeyh Şamil
Etimesgut,Topçu
Etimesgut,Tunahan
Etimesgut,Turkuaz
Etimesgut,Yapracık
Etimesgut,Yavuz Selim
Etimesgut,Yeşilova
Etimesgut,Yukarıyurtçu
Elmadağ,Akçaali
Elmadağ,Aşağıkamışlı
Elmadağ,Deliler
Elmadağ,Ediğe
Elmadağ,Gümüşpala
Elmadağ,Hasanoğlan Bahçelievler
Elmadağ,Hasanoğlan Fatih
Elmadağ,Hasanoğlan Havuzbaşı
Elmadağ,İsmetpaşa
Elmadağ,İstasyon
Elmadağ,Karacahasan
Elmadağ,Kayadibi
Elmadağ,Kemalpaşa
Elmadağ,Kurtuluş
Elmadağ,Kuşçuali
Elmadağ,Lalabel
Elmadağ,Muzaffer Ekşi
Elmadağ,Seyitcemali
Elmadağ,Süleymanlı
Elmadağ,Şehitlik
Elmadağ,Taburlar
Elmadağ,Tatlıca
Elmadağ,Tekkeköy
Elmadağ,Üçevler
Elmadağ,Yenice
Elmadağ,Yenidoğan
Elmadağ,Yenimahalle
Elmadağ,Yenipınar
Elmadağ,Yeşildere Fatih
Elmadağ,Yukarıkamışlı
Gölbaşı,Ahiboz
Gölbaşı,Akörençarşak
Gölbaşı,Bağiçi
Gölbaşı,Bahçelievler
Gölbaşı,Ballıkpınar
Gölbaşı,Bezirhane
Gölbaşı,Çayırlı
Gölbaşı,Çimşit
Gölbaşı,Dikilitaş
Gölbaşı,Emirler
Gölbaşı,Eymir
Gölbaşı,Gaziosmanpaşa
Gölbaşı,Gökçehüyük
Gölbaşı,Gölbek
Gölbaşı,Günalan
Gölbaşı,Hacıhasan
Gölbaşı,Hacılar
Gölbaşı,Hacımuratlı
Gölbaşı,Hallaçlı
Gölbaşı,İkizce
Gölbaşı,İncek
Gölbaşı,Karaali
Gölbaşı,Karacaören
Gölbaşı,Karagedik
Gölbaşı,Karaoğlan
Gölbaşı,Karşıyaka
Gölbaşı,Kırıklı
Gölbaşı,Kızılcaşar
Gölbaşı,Koparan
Gölbaşı,Mahmatlı
Gölbaşı,Mahmatlıbahçe
Gölbaşı,Oğulbey
Gölbaşı,Oyaca
Gölbaşı,Örencik
Gölbaşı,Seğmenler
Gölbaşı,Selametli
Gölbaşı,Soğulcak
Gölbaşı,Subaşı
Gölbaşı,Şafak
Gölbaşı,Taşpınar
Gölbaşı,Tepeyurt
Gölbaşı,Topaklı
Gölbaşı,Tulumtaş
Gölbaşı,Velihimmetli
Gölbaşı,Yağlıpınar
Gölbaşı,Yavrucak
Gölbaşı,Yaylabağ
Gölbaşı,Yurtbeyi
Keçiören,19 Mayıs
Keçiören,23 Nisan
Keçiören,Adnan Menderes
Keçiören,Aktepe
Keçiören,Aşağı Eğlence
Keçiören,Atapark
Keçiören,Ayvalı
Keçiören,Bademlik
Keçiören,Bağlarbaşı
Keçiören,Bağlum
Keçiören,Basınevleri
Keçiören,Çaldıran
Keçiören,Çalseki
Keçiören,Çiçekli
Keçiören,Emrah
Keçiören,Esertepe
Keçiören,Etlik
Keçiören,Güçlükaya
Keçiören,Gümüşdere
Keçiören,Güzelyurt
Keçiören,Hasköy
Keçiören,Hisar
Keçiören,İncirli
Keçiören,Kafkas
Keçiören,Kalaba
Keçiören,Kamilocak
Keçiören,Kanuni
Keçiören,Karakaya
Keçiören,Karargahtepe
Keçiören,Karşıyaka
Keçiören,Kavacık Subayevleri
Keçiören,Kösrelik
Keçiören,Köşk
Keçiören,Kuşcağız
Keçiören,Osmangazi
Keçiören,Ovacık
Keçiören,Pınarbaşı
Keçiören,Sancaktepe
Keçiören,Sarıbeyler
Keçiören,Şefkat
Keçiören,Şehit Kubilay
Keçiören,Şenlik
Keçiören,Şenyuva
Keçiören,Tepebaşı
Keçiören,Ufuktepe
Keçiören,Uyanış
Keçiören,Yakacık
Keçiören,Yayla
Keçiören,Yeşilöz
Keçiören,Yeşiltepe
Keçiören,Yükseltepe
Mamak,Abidinpaşa
Mamak,Akdere
Mamak,Akşemsettin
Mamak,Altıağaç
Mamak,Altınevler
Mamak,Araplar
Mamak,Aşık Veysel
Mamak,Bahçeleriçi
Mamak,Bahçelerüstü
Mamak,Balkiraz
Mamak,Başak
Mamak,Bayındır
Mamak,Boğaziçi
Mamak,Bostancık
Mamak,Cengizhan
Mamak,Çağlayan
Mamak,Çiğiltepe
Mamak,Demirlibahçe
Mamak,Derbent
Mamak,Dostlar
Mamak,Durali Alıç
Mamak,Dutluk
Mamak,Ege
Mamak,Ekin
Mamak,Fahri Korutürk
Mamak,General Zeki Doğan
Mamak,Gökçeyurt
Mamak,Gülveren
Mamak,Harman
Mamak,Hürel
Mamak,Hüseyingazi
Mamak,Karaağaç
Mamak,Karşıyaka
Mamak,Kartaltepe
Mamak,Kayaş
Mamak,Kazım Orbay
Mamak,Kıbrıs
Mamak,Kızılca
Mamak,Köstence
Mamak,Kusunlar
Mamak,Kutlu
Mamak,Kutludüğün
Mamak,Küçükkayaş
Mamak,Lalahan
Mamak,Mehtap
Mamak,Misket
Mamak,Mutlu
Mamak,Ortaköy
Mamak,Peyami Sefa
Mamak,Saimekadın
Mamak,Şafaktepe
Mamak,Şahapgürler
Mamak,Şahintepe
Mamak,Şehit Cengiz Topel
Mamak,Şirintepe
Mamak,Tepecik
Mamak,Tuzluçayır
Mamak,Türközü
Mamak,Üreğil
Mamak,Yeni Bayındır
Mamak,Yeşilbayır
Mamak,Yukarı İmrahor
Mamak,Zirvekent
Pursaklar,Abadan
Pursaklar,Altınova
Pursaklar,Ayyıldız
Pursaklar,Fatih
Pursaklar,Gümüşoluk
Pursaklar,Karaköy
Pursaklar,Karşıyaka
Pursaklar,Kösrelikkızığı
Pursaklar,Kurusarı
Pursaklar,Merkez
Pursaklar,Mimar Sinan
Pursaklar,Peçenek
Pursaklar,Pursaklar
Pursaklar,Saray Cumhuriyet
Pursaklar,Saray Fatih
Pursaklar,Saray Osmangazi
Pursaklar,Sirkeli Yeşilova
Pursaklar,Sirkeli Yeşilyurt
Pursaklar,Tevfik İleri
Pursaklar,Yeni Karaköy
Pursaklar,Yıldırım Beyazıt
Pursaklar,Yunus Emre
Pursaklar,Yuva
Sincan,Adalet
Sincan,Ahi Evran
Sincan,Akçaören
Sincan,Akşemsettin
Sincan,Alagöz
Sincan,Alcı
Sincan,Anayurt
Sincan,Andiçen
Sincan,Atatürk
Sincan,Bacı
Sincan,Beyobası
Sincan,Cumhuriyet
Sincan,Çiçektepe
Sincan,Çoğlu
Sincan,Çokören
Sincan,Erkeksu
Sincan,Esenler
Sincan,Fatih
Sincan,Gazi
Sincan,Girmeç
Sincan,Gökçek
Sincan,Hisarlıkaya
Sincan,Hürriyet
Sincan,İlyakut
Sincan,İncirlik
Sincan,İstasyon
Sincan,İstiklal
Sincan,Kesiktaş
Sincan,Malıköy
Sincan,Mareşal Çakmak
Sincan,Mülk
Sincan,Osmaniye
Sincan,Pınar Başı
Sincan,Plevne
Sincan,Polatlar
Sincan,Saraycık
Sincan,"Sincan, Ankara"
Sincan,Tandoğan
Sincan,Tatlar
Sincan,Temelli
Sincan,Törekent
Sincan,Türkobası
Sincan,Ücret
Sincan,Yeniçimşit
Sincan,Yenihisar
Sincan,Yenikayı
Sincan,Yenikent
Sincan,Yenipeçenek
Sincan,Yunus Emre
Yenimahalle,Anadolu
Yenimahalle,Aşağıyahyalar
Yenimahalle,Ata
Yenimahalle,Atatürk Orman Çiftliği
Yenimahalle,Avcılar
Yenimahalle,Barış
Yenimahalle,Barıştepe
Yenimahalle,Batı Sitesi
Yenimahalle,Batıkent
Yenimahalle,Beştepe
Yenimahalle,Burç
Yenimahalle,Çamlıca
Yenimahalle,Çarşı
Yenimahalle,Çiğdemtepe
Yenimahalle,Demetevler
Yenimahalle,Demetgül
Yenimahalle,Demetlale
Yenimahalle,Emniyet
Yenimahalle,Ergazi
Yenimahalle,Ergenekon
Yenimahalle,Esentepe
Yenimahalle,Gayret
Yenimahalle,Gazi
Yenimahalle,Güventepe
Yenimahalle,Güzelyaka
Yenimahalle,Işınlar
Yenimahalle,İlkyerleşim
Yenimahalle,İnönü
Yenimahalle,İvedik
Yenimahalle,Kaletepe
Yenimahalle,Karacakaya
Yenimahalle,Kardelen
Yenimahalle,Karşıyaka
Yenimahalle,Kayalar
Yenimahalle,Kent-Koop
Yenimahalle,Kuzey Yıldızı
Yenimahalle,Macun
Yenimahalle,Mehmet Akif Ersoy
Yenimahalle,Memlik
Yenimahalle,Ostim
Yenimahalle,Özevler
Yenimahalle,Pamuklar
Yenimahalle,Ragıp Tüzün
Yenimahalle,Serhat
Yenimahalle,Susuz
Yenimahalle,Şentepe
Yenimahalle,Tepealtı
Yenimahalle,Turgut Özal
Yenimahalle,Uğur Mumcu
Yenimahalle,Varlık
Yenimahalle,Yakacık
Yenimahalle,Yenibatı
Yenimahalle,Yeniçağ
Yenimahalle,Yeşilevler
Yenimahalle,Yirmibeş Mart
Yenimahalle,Yukarıyahyalar
Yenimahalle,Yunus Emre
Yenimahalle,Yuva